"Key","SourceString"
"Customization.Preset.DesignerCurrentName","Рабочий 01"
"menu_title","АВАРИЙКА"
"menu_subtitle","аварийная бригада"
"menu_host","Создать игру"
"menu_find","Найти игру"
"menu_settings","Настройки"
"menu_quit","Выход"
"menu_browse_header","Поиск игр в сети"
"menu_searching","Поиск..."
"menu_no_games","Игр не найдено"
"menu_game_prefix","Игра "
"menu_join_suffix","   [Подключиться]"
"menu_refresh","Обновить"
"menu_back","Назад"
"menu_hint","v0.1 — кооп LAN/EOS"
"ui_001","ПАУЗА"
"ui_002","Продолжить"
"ui_003","Настройки"
"ui_004","Выйти в меню"
"ui_005","СНАРЯЖЕНИЕ — склад бригады"
"ui_006","Касса конторы"
"ui_007","ур."
"ui_008","МАКС"
"ui_009","Покупка: AvUpgrade <англ. название>.   Закрыть: AvShop"
"ui_010","ГЛАЗА! Нужна сварочная маска"
"ui_011","БРОСОК заряжен — отпусти G"
"ui_012","Зарядка броска... (отпусти G)"
"ui_013","КАМЕРЫ БРИГАДЫ — [Tab] закрыть"
"ui_014","Монтёр"
"ui_015"," (вы)"
"ui_016"," — БЕЗ СОЗНАНИЯ"
"ui_017"," — ИСТЕКАЕТ "
"ui_018","с"
"ui_019","Здоровье"
"ui_020","Выносливость"
"ui_021","Паника"
"ui_022","Туалет"
"ui_023","Амбре"
"ui_024","Шум"
"ui_025","Фонарь [F] вкл"
"ui_026","Фонарь [F]"
"ui_027","ГАЗ — ОПАСНО!"
"ui_028","Газоанализатор: газ"
"ui_029","Газоанализатор: чисто"
"ui_030","ЗАДАЧИ"
"ui_031","Всё починено — вся бригада к ГАЗели!"
"ui_032","БЕЗ СОЗНАНИЯ — только напарник поднимет вас аптечкой"
"ui_033","ВЫ РАНЕНЫ — отруб через "
"ui_034"," с. Ползите к команде / нужна аптечка"
"ui_035","Процесс... осталось"
"ui_036","[E] — жми в зелёной (или жёлтой) зоне!  [G] — встать"
"ui_037","[E] — докручивай РАЗМЕРЕННО: зелёная полоска = можно. Частить = срыв резьбы!  [G] — отойти"
"ui_038","Тяни шнур... отпусти E в ЗЕЛЁНОМ окне! Перетянешь — ударит.  [G] — отойти"
"ui_039","[E] (держать) — дёрнуть стартер. Нужно 3 удачных рывка.  [G] — отойти"
"ui_040","[E] — жми в зелёной! Промах бьёт током, 3 промаха — замыкание.  [G] — отойти"
"ui_041","[E] — жми в зелёной! Промах — откат прогресса."
"ui_042","[E] Собрать ящик инструмента"
"ui_043","Биотуалет: ЗАНЯТО"
"ui_044","[E] Облегчиться (мини-игра, не двигаться)"
"ui_045","Биотуалет: пока не хочется"
"ui_046","Поставьте тяжёлое (G), чтобы тащить раненого"
"ui_047","[E] Тащить раненого"
"ui_048","Передаёте: "
"ui_049"," — тиммейт может забрать [E]"
"ui_050","[ЛКМ] Распылять (держать)  •  [ПКМ] Передать"
"ui_051","[ЛКМ] Выключить рацию — она шумит!"
"ui_052","[ЛКМ] Включить рацию  •  [ПКМ] Передать"
"ui_053","[ЛКМ] Поставить растяжку (взведётся через пару секунд!)  •  [ПКМ] Передать"
"ui_054","[ЛКМ] Метнуть комок (осторожно — зацепишь своих!)  •  [ПКМ] Передать"
"ui_055","[ЛКМ] Поставить прожектор (светит и успокаивает, но гудит)  •  [ПКМ] Передать"
"ui_056","[ЛКМ] Применить (держать)  •  [ПКМ] Передать"
"ui_057","[ПКМ] Передать (держать)"
"ui_058","ВКЛ"
"ui_059"," [ВКЛ]"
"ui_060","Нет"
"ui_061","Пусто"
"ui_062","Тяж"
"ui_063","БЕЗ СОЗНАНИЯ"
"ui_064","Ранен"
"ui_065","Курит"
"ui_066","Паникует"
"ui_067","Хочет в туалет"
"ui_068","Устал"
"ui_069","Несёт тяжёлое"
"ui_070","Тащит раненого ([E] отпустить)"
"ui_071","Вас тащат"
"ui_072","Санитарный инцидент!"
"ui_073","Испачкан"
"ui_074","Промок"
"ui_075","ГОРИТ! [вода/огнетушитель]"
"ui_076","Воняет"
"ui_077","ПАХНЕТ ГАЗОМ — НЕ КУРИТЬ!"
"Customization.Tab.Character","ПЕРСОНАЖ"
"Customization.Tab.Wardrobe","ГАРДЕРОБ"
"Customization.Tab.Equipment","СНАРЯЖЕНИЕ"
"Customization.Category.MyCharacters","МОИ ПЕРСОНАЖИ"
"Customization.Category.Presets","ПРЕСЕТЫ"
"Customization.Category.Head","ГОЛОВА"
"Customization.Category.FaceProtection","ЛИЦО И ЗАЩИТА"
"Customization.Category.HandsAccessories","РУКИ И АКСЕССУАРЫ"
"Customization.Category.UpperEquipment","ВЕРХ И СНАРЯЖЕНИЕ"
"Customization.Category.LowerHip","НИЗ И НАБЕДРЕННОЕ"
"Customization.Category.FullOutfits","ЦЕЛЬНЫЕ КОМПЛЕКТЫ"
"Customization.Preview.Title","ПРЕДПРОСМОТР ПЕРСОНАЖА"
"Customization.Preview.LegacyTitle","ПРЕДПРОСМОТР"
"Customization.Preview.Placeholder","3D-ПРЕДПРОСМОТР БУДЕТ ПОДКЛЮЧЁН ПОЗЖЕ"
"Customization.Action.Random","СЛУЧАЙНЫЙ ВНЕШНИЙ ВИД"
"Customization.Action.AddCharacter","ДОБАВИТЬ ПЕРСОНАЖА"
"Customization.Action.Reset","СБРОСИТЬ"
"Customization.Action.Delete","УДАЛИТЬ"
"Customization.Action.Apply","ПРИМЕНИТЬ"
"Customization.Action.ApplyPreset","ПРИМЕНИТЬ ПРЕСЕТ"
"Customization.Action.Cancel","ОТМЕНА"
"Customization.Action.Create","СОЗДАТЬ"
"Customization.Action.Rename","ПЕРЕИМЕНОВАТЬ"
"Customization.Action.Close","ЗАКРЫТЬ"
"Customization.Action.Back","НАЗАД"
"Customization.Action.SaveCharacter","СОХРАНИТЬ ПЕРСОНАЖА"
"Customization.Action.RemoveAndEquip","СНЯТЬ И НАДЕТЬ"
"Customization.Common.None","НЕТ"
"Customization.Common.CurrentSelection","ТЕКУЩИЙ ВЫБОР:"
"Customization.Common.CurrentSelectionFormat","{0} {1}"
"Customization.Common.NoAvailableOptions","НЕТ ДОСТУПНЫХ ВАРИАНТОВ"
"Customization.Common.UnavailableOption","НЕДОСТУПНЫЙ ВАРИАНТ"
"Customization.Common.NoData","Нет данных"
"Customization.Common.Selected","ВЫБРАНО"
"Customization.Common.PageCounterFormat","{0} / {1}"
"Customization.Character.DefaultNameFormat","РАБОЧИЙ {0}"
"Customization.Character.DesignerPlaceholder","Персонаж 01"
"Customization.Character.ActiveNotFound","АКТИВНЫЙ ПЕРСОНАЖ НЕ НАЙДЕН"
"Customization.Character.DeleteLastBlocked","НЕЛЬЗЯ УДАЛИТЬ ЕДИНСТВЕННОГО ПЕРСОНАЖА"
"Customization.Character.ResetTooltip","СБРОСИТЬ ВНЕШНОСТЬ АКТИВНОГО ПЕРСОНАЖА"
"Customization.Character.DeleteTooltip","УДАЛИТЬ АКТИВНОГО ПЕРСОНАЖА"
"Customization.Preset.Title","ПРЕСЕТ РАБОЧЕГО"
"Customization.Preset.NameFormat","Рабочий {0}"
"Customization.Preset.CurrentLoadout","ТЕКУЩИЙ КОМПЛЕКТ"
"Customization.Preset.Loadout.Head","Голова:"
"Customization.Preset.Loadout.Face","Лицо:"
"Customization.Preset.Loadout.Upper","Верх:"
"Customization.Preset.Loadout.Hands","Руки:"
"Customization.Preset.Loadout.Lower","Низ:"
"Customization.Preset.Sample.Head","Каска"
"Customization.Preset.Sample.Face","Очки"
"Customization.Preset.Sample.Upper","Футболка с жилеткой"
"Customization.Preset.Sample.Hands","Перчатки, часы"
"Customization.Preset.Sample.Lower","Штаны"
"Customization.Section.HeadType","ТИП ГОЛОВЫ"
"Customization.Section.Headgear","ГОЛОВНОЙ УБОР"
"Customization.Section.Hair","ВОЛОСЫ"
"Customization.Section.Beard","БОРОДА"
"Customization.Section.Glasses","ОЧКИ"
"Customization.Section.Respirator","РЕСПИРАТОР"
"Customization.Section.Headphones","НАУШНИКИ"
"Customization.Section.Gloves","ПЕРЧАТКИ"
"Customization.Section.Watches","ЧАСЫ"
"Customization.Section.Legs","ШТАНЫ"
"Customization.Section.HipAccessory","НАБЕДРЕННОЕ"
"Customization.Section.Torso","ВЕРХ"
"Customization.Section.Body","ТЕЛО"
"Customization.Section.Feet","ОБУВЬ"
"Customization.Section.Vest","ЖИЛЕТ"
"Customization.Section.FullOutfit","ЦЕЛЬНЫЙ КОМПЛЕКТ"
"Customization.Section.Overalls","РАБОЧИЙ КОМБИНЕЗОН"
"Customization.Section.Helmet","КАСКА"
"Customization.Section.Mask","МАСКА"
"Customization.Modal.DoNotShowAgain","БОЛЬШЕ НЕ ПОКАЗЫВАТЬ ЭТО ПРЕДУПРЕЖДЕНИЕ"
"Customization.Modal.Reset.Title","СБРОСИТЬ ВНЕШНОСТЬ"
"Customization.Modal.Reset.Body","Вернуть внешность выбранного персонажа к заводскому состоянию?"
"Customization.Modal.Reset.Warning","Текущая настройка внешности будет потеряна."
"Customization.Modal.Delete.Title","УДАЛИТЬ ПЕРСОНАЖА"
"Customization.Modal.Delete.Body","Удалить выбранного персонажа?"
"Customization.Modal.Delete.Warning","Это действие нельзя отменить."
"Customization.Modal.Conflict.Title","НЕСОВМЕСТИМОЕ СНАРЯЖЕНИЕ"
"Customization.Modal.Conflict.RaisedHoodQuestion","Надеть куртку с поднятым капюшоном?"
"Customization.Modal.Conflict.HeadgearQuestion","Надеть выбранный головной убор?"
"Customization.Modal.Conflict.HeadphonesQuestion","Надеть выбранные наушники?"
"Customization.Modal.Conflict.RemoveHeadgearAndHeadphones","Выбранные головной убор и наушники будут сняты."
"Customization.Modal.Conflict.RemoveHeadphones","Выбранные наушники будут сняты."
"Customization.Modal.Conflict.RemoveHeadgear","Выбранный головной убор будет снят."
"Customization.Modal.Conflict.RemoveHoodAndHeadphones","Куртка с поднятым капюшоном и рабочие наушники будут сняты."
"Customization.Modal.Conflict.RemoveWorkHeadphones","Рабочие наушники будут сняты."
"Customization.Modal.Conflict.RemoveRaisedHood","Куртка с поднятым капюшоном будет снята."
"Customization.Modal.Conflict.RemoveHoodAndHeadgear","Куртка с поднятым капюшоном и выбранный головной убор будут сняты."
"Customization.Modal.Random.Title","СЛУЧАЙНЫЙ ВНЕШНИЙ ВИД"
"Customization.Modal.Random.Body","Создать новый случайный образ?"
"Customization.Modal.Random.Warning","Текущий внешний вид персонажа будет заменён."
"Customization.Disabled.IncompatibleWatch","НЕСОВМЕСТИМО С ВЫБРАННЫМИ ЧАСАМИ"
"Customization.Disabled.RemoveGloves","СНИМИТЕ ПЕРЧАТКИ"
"Customization.Disabled.AssetNotVerified","EXACT ASSET IS NOT VERIFIED INTACT"
"Customization.Legacy.CategoriesTitle","КАТЕГОРИИ"
"Customization.Legacy.OptionsTitle","ВАРИАНТЫ"
"Customization.Legacy.ColorTitle","ЦВЕТ ОДЕЖДЫ"
"Customization.Legacy.Info","ИНФОРМАЦИЯ"
"Customization.Legacy.Poses","ПОЗЫ"
"Customization.Legacy.Settings","НАСТРОЙКИ"
"Customization.Legacy.EquipmentTitle","ЭКИПИРОВКА"
"Customization.Legacy.Slot","СЛОТ"
"Customization.Legacy.Variant","Вариант"
"Customization.Legacy.Worker","Рабочий"
"Customization.Legacy.WorkHelmet","Рабочий Каска"
"Customization.Legacy.Respirator","Рабочий Респиратор"
"Customization.Item.Beard.Beard_SKM_Beard","БОРОДА 01"
"Customization.Item.Beard.Beard_SKM_Beard_02","БОРОДА 02"
"Customization.Item.Beard.Beard_SKM_Beard_03","БОРОДА 03"
"Customization.Item.Beard.Beard_SKM_Beard_4","БОРОДА 04"
"Customization.Item.Beard.Beard_SKM_Beard_Long","ДЛИННАЯ БОРОДА 01"
"Customization.Item.Beard.Beard_SKM_Beard_Long_2","ДЛИННАЯ БОРОДА 02"
"Customization.Item.Beard.Beard_SKM_Moustache","УСЫ"
"Customization.Item.FaceMask.SKM_Respirator","РЕСПИРАТОР"
"Customization.Item.FaceMask.SKM_Respirator_Black","ЧЁРНЫЙ РЕСПИРАТОР"
"Customization.Item.FullOutfit.FullOutfit_ShirtJumpsuitBoots_1","СИНИЙ ЗАЩИТНЫЙ КОМБИНЕЗОН С БЕЛОЙ РУБАШКОЙ"
"Customization.Item.FullOutfit.FullOutfit_ShirtJumpsuitBoots_2","СИНИЙ ЗАЩИТНЫЙ КОМБИНЕЗОН С БЕЖЕВОЙ ОБУВЬЮ"
"Customization.Item.FullOutfit.FullOutfit_ShirtJumpsuitBoots_3","БЕЖЕВЫЙ ЗАЩИТНЫЙ КОМБИНЕЗОН С КРАСНОЙ РУБАШКОЙ"
"Customization.Item.FullOutfit.FullOutfit_ShirtJumpsuitBoots_4","ЧЁРНЫЙ ЗАЩИТНЫЙ КОМБИНЕЗОН С БЕЛОЙ РУБАШКОЙ"
"Customization.Item.FullOutfit.FullOutfit_ShirtJumpsuitBoots_5","ТЁМНО-СИНИЙ ЗАЩИТНЫЙ КОМБИНЕЗОН С КРАСНОЙ РУБАШКОЙ"
"Customization.Item.FullOutfit.FullOutfit_TshirtJumpsuitBoots_1","СИНИЙ ЗАЩИТНЫЙ КОМБИНЕЗОН С БЕЛОЙ ФУТБОЛКОЙ"
"Customization.Item.FullOutfit.FullOutfit_TshirtJumpsuitBoots_2","СИНИЙ ЗАЩИТНЫЙ КОМБИНЕЗОН С БЕЖЕВОЙ ФУТБОЛКОЙ"
"Customization.Item.FullOutfit.FullOutfit_TshirtJumpsuitBoots_3","БЕЖЕВЫЙ ЗАЩИТНЫЙ КОМБИНЕЗОН С СИНЕЙ ФУТБОЛКОЙ"
"Customization.Item.FullOutfit.FullOutfit_TshirtJumpsuitBoots_4","ЧЁРНЫЙ ЗАЩИТНЫЙ КОМБИНЕЗОН С БЕЛОЙ ФУТБОЛКОЙ"
"Customization.Item.FullOutfit.FullOutfit_TshirtJumpsuitBoots_5","ТЁМНО-СИНИЙ ЗАЩИТНЫЙ КОМБИНЕЗОН С КРАСНОЙ ФУТБОЛКОЙ"
"Customization.Item.FullOutfit.FullOutfit_WorkerShirtJumpsuit_1","СИНИЙ РАБОЧИЙ КОМБИНЕЗОН С БЕЛОЙ РУБАШКОЙ"
"Customization.Item.FullOutfit.FullOutfit_WorkerShirtJumpsuit_2","СИНИЙ РАБОЧИЙ КОМБИНЕЗОН С БЕЖЕВОЙ РУБАШКОЙ"
"Customization.Item.FullOutfit.FullOutfit_WorkerShirtJumpsuit_3","ЧЁРНЫЙ РАБОЧИЙ КОМБИНЕЗОН С БЕЛОЙ РУБАШКОЙ"
"Customization.Item.FullOutfit.FullOutfit_WorkerShirtJumpsuit_4","БЕЖЕВЫЙ РАБОЧИЙ КОМБИНЕЗОН С БЕЛОЙ РУБАШКОЙ"
"Customization.Item.FullOutfit.FullOutfit_WorkerShirtJumpsuit_5","ТЁМНО-СИНИЙ РАБОЧИЙ КОМБИНЕЗОН С КРАСНОЙ РУБАШКОЙ"
"Customization.Item.FullOutfit.FullOutfit_WorkerShirtPants_1","БЕЖЕВЫЙ РАБОЧИЙ КОМПЛЕКТ С БЕЛОЙ РУБАШКОЙ"
"Customization.Item.FullOutfit.FullOutfit_WorkerShirtPants_2","СЕРЫЙ РАБОЧИЙ КОМПЛЕКТ С КРАСНОЙ РУБАШКОЙ"
"Customization.Item.FullOutfit.FullOutfit_WorkerShirtPants_3","СИНИЙ РАБОЧИЙ КОМПЛЕКТ С БЕЛОЙ РУБАШКОЙ"
"Customization.Item.FullOutfit.FullOutfit_WorkerTshirtJumpsuit_1","ТЁМНО-СИНИЙ РАБОЧИЙ КОМБИНЕЗОН С БЕЛОЙ ФУТБОЛКОЙ"
"Customization.Item.FullOutfit.FullOutfit_WorkerTshirtJumpsuit_2","СИНИЙ РАБОЧИЙ КОМБИНЕЗОН С БЕЖЕВОЙ ФУТБОЛКОЙ"
"Customization.Item.FullOutfit.FullOutfit_WorkerTshirtJumpsuit_3","ЧЁРНЫЙ РАБОЧИЙ КОМБИНЕЗОН С БЕЛОЙ ФУТБОЛКОЙ"
"Customization.Item.FullOutfit.FullOutfit_WorkerTshirtJumpsuit_4","БЕЖЕВЫЙ РАБОЧИЙ КОМБИНЕЗОН С СИНЕЙ ФУТБОЛКОЙ"
"Customization.Item.FullOutfit.FullOutfit_WorkerTshirtJumpsuit_5","СИНИЙ РАБОЧИЙ КОМБИНЕЗОН С КРАСНОЙ ФУТБОЛКОЙ"
"Customization.Item.FullOutfit.FullOutfit_WorkerTshirtPants_1","ЗЕЛЁНЫЙ РАБОЧИЙ КОМПЛЕКТ С БЕЖЕВОЙ ФУТБОЛКОЙ"
"Customization.Item.FullOutfit.FullOutfit_WorkerTshirtPants_2","СЕРЫЙ РАБОЧИЙ КОМПЛЕКТ С БЕЛОЙ ФУТБОЛКОЙ"
"Customization.Item.FullOutfit.FullOutfit_WorkerTshirtPants_3","БЕЖЕВЫЙ РАБОЧИЙ КОМПЛЕКТ С СИНЕЙ ФУТБОЛКОЙ"
"Customization.Item.FullOutfit.FullOutfit_WorkerTshirtPants_4","СИНИЙ СИГНАЛЬНЫЙ КОМПЛЕКТ С КРАСНОЙ ФУТБОЛКОЙ"
"Customization.Item.FullOutfit.FullOutfit_WorkerTshirtPants_5","ЗЕЛЁНЫЙ РАБОЧИЙ КОМПЛЕКТ С БЕЖЕВОЙ ОБУВЬЮ"
"Customization.Item.FullOutfit.FullOutfit_WorkerTshirtPants_6","САЛАТОВЫЙ РАБОЧИЙ КОМПЛЕКТ С БЕЖЕВОЙ ФУТБОЛКОЙ"
"Customization.Item.FullOutfit.FullOutfit_WorkerTshirtPants_7","ОРАНЖЕВЫЙ РАБОЧИЙ КОМПЛЕКТ С ЧЁРНОЙ ФУТБОЛКОЙ"
"Customization.Item.Glasses.SKM_Glasses_Aviator","ОЧКИ АВИАТОР"
"Customization.Item.Glasses.SKM_Glasses_Aviator_Brown","АВИАТОР КОРИЧНЕВЫЕ"
"Customization.Item.Glasses.SKM_Glasses_Aviator_Gold","АВИАТОР ЗОЛОТЫЕ"
"Customization.Item.Glasses.SKM_Glasses_Classic","КЛАССИЧЕСКИЕ ОЧКИ"
"Customization.Item.Glasses.SKM_Glasses_SunGlass","СОЛНЦЕЗАЩИТНЫЕ ОЧКИ"
"Customization.Item.Glasses.SKM_Glasses_Worker_Orange","ЗАЩИТНЫЕ ОЧКИ ОРАНЖЕВЫЕ"
"Customization.Item.Glasses.SKM_Glasses_Worker_White","ЗАЩИТНЫЕ ОЧКИ БЕЛЫЕ"
"Customization.Item.Gloves.Gloves_Print_Gray","БЕЛЫЕ ПЕРЧАТКИ"
"Customization.Item.Gloves.Gloves_Print_Green","ЗЕЛЁНЫЕ ПЕРЧАТКИ"
"Customization.Item.Gloves.Gloves_Print_Orange","ОРАНЖЕВЫЕ ПЕРЧАТКИ"
"Customization.Item.Gloves.Gloves_Print_Yellow","ЖЁЛТЫЕ ПЕРЧАТКИ"
"Customization.Item.Hair.Hair_SKM_Hair_Back","ЗАЧЁС НАЗАД"
"Customization.Item.Hair.Hair_SKM_Hair_Long","ДЛИННЫЕ ВОЛОСЫ"
"Customization.Item.Hair.Hair_SKM_Hair_Mohawk","ИРОКЕЗ"
"Customization.Item.Hair.Hair_SKM_Hair_Short","КОРОТКИЕ ВОЛОСЫ"
"Customization.Item.Hair.Hair_SKM_Hair_Skin","БРИТАЯ ГОЛОВА"
"Customization.Item.Head.Type01","ТИП ГОЛОВЫ 01"
"Customization.Item.Head.Type02","ТИП ГОЛОВЫ 02"
"Customization.Item.Headgear.Cap_SKM_Cap_Bege","БЕЖЕВАЯ КЕПКА"
"Customization.Item.Headgear.Cap_SKM_Cap_Black","ЧЁРНАЯ КЕПКА"
"Customization.Item.Headgear.Cap_SKM_Cap_Blue","СИНЯЯ КЕПКА"
"Customization.Item.Headgear.Cap_SKM_Cap_Color","ДВУХЦВЕТНАЯ КЕПКА"
"Customization.Item.Headgear.Cap_SKM_Cap_Red","КРАСНАЯ КЕПКА"
"Customization.Item.Headgear.Cap_SKM_Cap_Street","УЛИЧНАЯ КЕПКА"
"Customization.Item.Headgear.Hat_Cowboy_SKM_Hat_Cowboy","ЧЁРНАЯ КОВБОЙСКАЯ ШЛЯПА"
"Customization.Item.Headgear.Hat_Farmer_SKM_Hat_Cowboy","КОВБОЙСКАЯ ШЛЯПА"
"Customization.Item.Headgear.Hat_Flat_SKM_Hat_Flat_Blue","СИНЯЯ ПЛОСКАЯ КЕПКА"
"Customization.Item.Headgear.Hat_Flat_SKM_Hat_Flat_Brown","КОРИЧНЕВАЯ ПЛОСКАЯ КЕПКА"
"Customization.Item.Headgear.Hat_Flat_SKM_Hat_Flat_Grey","СЕРАЯ ПЛОСКАЯ КЕПКА"
"Customization.Item.Headgear.Hat_Up_SKM_Hat_Up","ЧЁРНАЯ ШАПКА С ОТВОРОТОМ"
"Customization.Item.Headgear.Helmet_Worker_SKM_Helmet_Worker_Blue","СИНЯЯ РАБОЧАЯ КАСКА"
"Customization.Item.Headgear.Helmet_Worker_SKM_Helmet_Worker_Green","ЗЕЛЁНАЯ РАБОЧАЯ КАСКА"
"Customization.Item.Headgear.Helmet_Worker_SKM_Helmet_Worker_Orange","ОРАНЖЕВАЯ РАБОЧАЯ КАСКА"
"Customization.Item.Headgear.Helmet_Worker_SKM_Helmet_Worker_Red","КРАСНАЯ РАБОЧАЯ КАСКА"
"Customization.Item.Headgear.Helmet_Worker_SKM_Helmet_Worker_White","БЕЛАЯ РАБОЧАЯ КАСКА"
"Customization.Item.Headgear.Helmet_Worker_SKM_Helmet_Worker_Yellow","РАБОЧАЯ КАСКА"
"Customization.Item.Headgear.Warm_Hat_SKM_Warm_Hat_Bege","ТЁПЛАЯ ШАПКА"
"Customization.Item.Headgear.Warm_Hat_SKM_Warm_Hat_Black","ЧЁРНАЯ ТЁПЛАЯ ШАПКА"
"Customization.Item.Headgear.Warm_Hat_SKM_Warm_Hat_Gray","СЕРАЯ ТЁПЛАЯ ШАПКА"
"Customization.Item.Headgear.Warm_Hat_SKM_Warm_Hat_Green","ЗЕЛЁНАЯ ТЁПЛАЯ ШАПКА"
"Customization.Item.Headphones.SKM_Headph_Worker_Mic_Gr","ЗЕЛЁНАЯ ГАРНИТУРА"
"Customization.Item.Headphones.SKM_Headph_Worker_Mic_Orn","ОРАНЖЕВАЯ ГАРНИТУРА"
"Customization.Item.Headphones.SKM_Headph_Worker_Mic_Wht","БЕЛАЯ ГАРНИТУРА"
"Customization.Item.Headphones.SKM_Headph_Worker_Mic_Yel","ЖЁЛТАЯ ГАРНИТУРА"
"Customization.Item.Headphones.SKM_Headphones_Worker_Green","ЗЕЛЁНЫЕ РАБОЧИЕ НАУШНИКИ"
"Customization.Item.Headphones.SKM_Headphones_Worker_Green.CurrentSelection","ЗЕЛЁНЫЕ НАУШНИКИ"
"Customization.Item.Headphones.SKM_Headphones_Worker_Orange","ОРАНЖЕВЫЕ РАБОЧИЕ НАУШНИКИ"
"Customization.Item.Headphones.SKM_Headphones_Worker_Orange.CurrentSelection","ОРАНЖЕВЫЕ НАУШНИКИ"
"Customization.Item.Headphones.SKM_Headphones_Worker_White","БЕЛЫЕ РАБОЧИЕ НАУШНИКИ"
"Customization.Item.Headphones.SKM_Headphones_Worker_White.CurrentSelection","БЕЛЫЕ НАУШНИКИ"
"Customization.Item.Headphones.SKM_Headphones_Worker_Yellow","ЖЁЛТЫЕ РАБОЧИЕ НАУШНИКИ"
"Customization.Item.Headphones.SKM_Headphones_Worker_Yellow.CurrentSelection","ЖЁЛТЫЕ НАУШНИКИ"
"Customization.Item.HipAccessory.Hip_Bag_Bege","БЕЖЕВАЯ НАБЕДРЕННАЯ СУМКА"
"Customization.Item.HipAccessory.Hip_Bag_Black","ЧЁРНАЯ НАБЕДРЕННАЯ СУМКА"
"Customization.Item.HipAccessory.Hip_Bag_Green","ЗЕЛЁНАЯ НАБЕДРЕННАЯ СУМКА"
"Customization.Item.Legs.Legs_Jeans_Bege","БЕЖЕВЫЕ ДЖИНСЫ"
"Customization.Item.Legs.Legs_Jeans_Black","ЧЁРНЫЕ ДЖИНСЫ"
"Customization.Item.Legs.Legs_Jeans_Blue","СИНИЕ ДЖИНСЫ"
"Customization.Item.Legs.Legs_Jeans_Classic","КЛАССИЧЕСКИЕ ДЖИНСЫ"
"Customization.Item.Legs.Legs_Jeans_Turn","ДЖИНСЫ С ПОДВОРОТАМИ"
"Customization.Item.Legs.Legs_PantsWorker_Bege","БЕЖЕВЫЕ РАБОЧИЕ ШТАНЫ"
"Customization.Item.Legs.Legs_PantsWorker_Blue","СИНИЕ РАБОЧИЕ ШТАНЫ"
"Customization.Item.Legs.Legs_PantsWorker_Gray","СЕРЫЕ РАБОЧИЕ ШТАНЫ"
"Customization.Item.Legs.Legs_PantsWorker_Green","ЗЕЛЁНЫЕ РАБОЧИЕ ШТАНЫ"
"Customization.Item.Legs.Legs_PantsWorker_LightGreen","САЛАТОВЫЕ ЗАЩИТНЫЕ ШТАНЫ"
"Customization.Item.Legs.Legs_PantsWorker_Orange","ОРАНЖЕВЫЕ ЗАЩИТНЫЕ ШТАНЫ"
"Customization.Item.Torso.SKM_Jacket_M65_Bege","БЕЖЕВАЯ КУРТКА M65"
"Customization.Item.Torso.SKM_Jacket_M65_Black","ЧЁРНАЯ КУРТКА M65"
"Customization.Item.Torso.SKM_Jacket_M65_Green","ЗЕЛЁНАЯ КУРТКА M65"
"Customization.Item.Torso.SKM_Jacket_Worker_Bege","БЕЖЕВАЯ РАБОЧАЯ КУРТКА"
"Customization.Item.Torso.SKM_Jacket_Worker_Blue","СИНЯЯ РАБОЧАЯ КУРТКА"
"Customization.Item.Torso.SKM_Jacket_Worker_Gray","СЕРАЯ РАБОЧАЯ КУРТКА"
"Customization.Item.Torso.SKM_Jacket_Worker_Green","ЗЕЛЁНАЯ РАБОЧАЯ КУРТКА"
"Customization.Item.Torso.SKM_Jacket_Worker_Hood_1_Bege","БЕЖЕВАЯ РАБОЧАЯ КУРТКА С КАПЮШОНОМ"
"Customization.Item.Torso.SKM_Jacket_Worker_Hood_1_Blue","СИНЯЯ РАБОЧАЯ КУРТКА С КАПЮШОНОМ"
"Customization.Item.Torso.SKM_Jacket_Worker_Hood_1_Gray","СЕРАЯ РАБОЧАЯ КУРТКА С КАПЮШОНОМ"
"Customization.Item.Torso.SKM_Jacket_Worker_Hood_1_Green","ЗЕЛЁНАЯ РАБОЧАЯ КУРТКА С КАПЮШОНОМ"
"Customization.Item.Torso.SKM_Jacket_Worker_Hood_1_LightGr","САЛАТОВАЯ РАБОЧАЯ КУРТКА С КАПЮШОНОМ"
"Customization.Item.Torso.SKM_Jacket_Worker_Hood_1_Orange","ОРАНЖЕВАЯ РАБОЧАЯ КУРТКА С КАПЮШОНОМ"
"Customization.Item.Torso.SKM_Jacket_Worker_Hood_2_Bege","БЕЖЕВАЯ УТЕПЛЁННАЯ РАБОЧАЯ КУРТКА"
"Customization.Item.Torso.SKM_Jacket_Worker_Hood_2_Blue","СИНЯЯ УТЕПЛЁННАЯ РАБОЧАЯ КУРТКА"
"Customization.Item.Torso.SKM_Jacket_Worker_Hood_2_Gray","СЕРАЯ УТЕПЛЁННАЯ РАБОЧАЯ КУРТКА"
"Customization.Item.Torso.SKM_Jacket_Worker_Hood_2_Green","ЗЕЛЁНАЯ УТЕПЛЁННАЯ РАБОЧАЯ КУРТКА"
"Customization.Item.Torso.SKM_Jacket_Worker_Hood_2_LightGr","САЛАТОВАЯ УТЕПЛЁННАЯ РАБОЧАЯ КУРТКА"
"Customization.Item.Torso.SKM_Jacket_Worker_Hood_2_Orange","ОРАНЖЕВАЯ УТЕПЛЁННАЯ РАБОЧАЯ КУРТКА"
"Customization.Item.Torso.SKM_Jacket_Worker_LightGreen","САЛАТОВАЯ РАБОЧАЯ КУРТКА"
"Customization.Item.Torso.SKM_Jacket_Worker_Orange","ОРАНЖЕВАЯ РАБОЧАЯ КУРТКА"
"Customization.Item.Torso.SKM_Shirt_RolledUp_Bege","БЕЖЕВАЯ РАБОЧАЯ РУБАШКА"
"Customization.Item.Torso.SKM_Shirt_RolledUp_Black","ЧЁРНАЯ РАБОЧАЯ РУБАШКА"
"Customization.Item.Torso.SKM_Shirt_RolledUp_Blue","СИНЯЯ РАБОЧАЯ РУБАШКА"
"Customization.Item.Torso.SKM_Shirt_RolledUp_Green","ЗЕЛЁНАЯ РАБОЧАЯ РУБАШКА"
"Customization.Item.Torso.SKM_Shirt_RolledUp_Red","КРАСНАЯ РАБОЧАЯ РУБАШКА"
"Customization.Item.Torso.SKM_Shirt_RolledUp_RedCage","КРАСНАЯ В КЛЕТКУ РАБОЧАЯ РУБАШКА"
"Customization.Item.Torso.SKM_Shirt_RolledUp_White","БЕЛАЯ РАБОЧАЯ РУБАШКА"
"Customization.Item.Torso.SKM_Shirt_RolledUp_White_Cage","БЕЛАЯ В КЛЕТКУ РАБОЧАЯ РУБАШКА"
"Customization.Item.Torso.SKM_TShirt_Bege","БЕЖЕВАЯ ФУТБОЛКА"
"Customization.Item.Torso.SKM_TShirt_Black","ЧЁРНАЯ ФУТБОЛКА"
"Customization.Item.Torso.SKM_TShirt_Blue","СИНЯЯ ФУТБОЛКА"
"Customization.Item.Torso.SKM_TShirt_Gray","СЕРАЯ ФУТБОЛКА"
"Customization.Item.Torso.SKM_TShirt_Green","ЗЕЛЁНАЯ ФУТБОЛКА"
"Customization.Item.Torso.SKM_TShirt_Red","КРАСНАЯ ФУТБОЛКА"
"Customization.Item.Watch.Watch_L_Bege","БЕЖЕВЫЕ — ЛЕВАЯ"
"Customization.Item.Watch.Watch_L_Bege.CurrentSelection","БЕЖЕВЫЕ, ЛЕВАЯ РУКА"
"Customization.Item.Watch.Watch_L_Black","ЧЁРНЫЕ — ЛЕВАЯ"
"Customization.Item.Watch.Watch_L_Black.CurrentSelection","ЧЁРНЫЕ, ЛЕВАЯ РУКА"
"Customization.Item.Watch.Watch_R_Bege","БЕЖЕВЫЕ — ПРАВАЯ"
"Customization.Item.Watch.Watch_R_Bege.CurrentSelection","БЕЖЕВЫЕ, ПРАВАЯ РУКА"
"Customization.Item.Watch.Watch_R_Black","ЧЁРНЫЕ — ПРАВАЯ"
"Customization.Item.Watch.Watch_R_Black.CurrentSelection","ЧЁРНЫЕ, ПРАВАЯ РУКА"
"Customization.Common.TooltipWithReasonFormat","{0} — {1}"
"Customization.Section.Lower","НИЗ"
"Customization.Section.Helmets","КАСКИ"
"Customization.Section.Masks","МАСКИ"
"Customization.Section.Jacket","КУРТКА"
"Customization.Preset.Loadout.SKM_Worker_Male_1.Head","Жёлтая каска"
"Customization.Preset.Loadout.SKM_Worker_Male_1.Face","Нет"
"Customization.Preset.Loadout.SKM_Worker_Male_1.Upper","Салатовая рабочая куртка"
"Customization.Preset.Loadout.SKM_Worker_Male_1.Hands","Нет"
"Customization.Preset.Loadout.SKM_Worker_Male_1.Lower","Салатовые брюки"
"Customization.Preset.Loadout.SKM_Worker_Male_2.Head","Оранжевая каска"
"Customization.Preset.Loadout.SKM_Worker_Male_2.Face","Рабочие очки"
"Customization.Preset.Loadout.SKM_Worker_Male_2.Upper","Бежевая рабочая куртка"
"Customization.Preset.Loadout.SKM_Worker_Male_2.Hands","Серые рабочие перчатки"
"Customization.Preset.Loadout.SKM_Worker_Male_2.Lower","Бежевые брюки"
"Customization.Preset.Loadout.SKM_Worker_Male_3.Head","Белая каска"
"Customization.Preset.Loadout.SKM_Worker_Male_3.Face","Классические очки"
"Customization.Preset.Loadout.SKM_Worker_Male_3.Upper","Серая рабочая куртка"
"Customization.Preset.Loadout.SKM_Worker_Male_3.Hands","Нет"
"Customization.Preset.Loadout.SKM_Worker_Male_3.Lower","Серые брюки"
"Customization.Preset.Loadout.SKM_Worker_Male_4.Head","Чёрная шапка"
"Customization.Preset.Loadout.SKM_Worker_Male_4.Face","Нет"
"Customization.Preset.Loadout.SKM_Worker_Male_4.Upper","Оранжевая рабочая куртка"
"Customization.Preset.Loadout.SKM_Worker_Male_4.Hands","Нет"
"Customization.Preset.Loadout.SKM_Worker_Male_4.Lower","Оранжевые брюки"
"Customization.Preset.Loadout.SKM_Worker_Male_5.Head","Белая каска"
"Customization.Preset.Loadout.SKM_Worker_Male_5.Face","Нет"
"Customization.Preset.Loadout.SKM_Worker_Male_5.Upper","Клетчатая рубашка, оранжевый жилет"
"Customization.Preset.Loadout.SKM_Worker_Male_5.Hands","Серые рабочие перчатки"
"Customization.Preset.Loadout.SKM_Worker_Male_5.Lower","Синие джинсы"
"Customization.Preset.Loadout.SKM_Worker_Male_6.Head","Жёлтая каска"
"Customization.Preset.Loadout.SKM_Worker_Male_6.Face","Белые рабочие очки"
"Customization.Preset.Loadout.SKM_Worker_Male_6.Upper","Серая футболка, жёлтый жилет"
"Customization.Preset.Loadout.SKM_Worker_Male_6.Hands","Жёлтые рабочие перчатки"
"Customization.Preset.Loadout.SKM_Worker_Male_6.Lower","Синие джинсы, бежевая сумка"
"Customization.Preset.Loadout.SKM_Worker_Male_7.Head","Серая вязаная шапка"
"Customization.Preset.Loadout.SKM_Worker_Male_7.Face","Нет"
"Customization.Preset.Loadout.SKM_Worker_Male_7.Upper","Чёрная футболка, оранжевый жилет"
"Customization.Preset.Loadout.SKM_Worker_Male_7.Hands","Нет"
"Customization.Preset.Loadout.SKM_Worker_Male_7.Lower","Серые брюки"
"Customization.Preset.Loadout.SKM_Worker_Male_8.Head","Оранжевая каска"
"Customization.Preset.Loadout.SKM_Worker_Male_8.Face","Нет"
"Customization.Preset.Loadout.SKM_Worker_Male_8.Upper","Чёрная рубашка, оранжевый жилет"
"Customization.Preset.Loadout.SKM_Worker_Male_8.Hands","Оранжевые рабочие перчатки"
"Customization.Preset.Loadout.SKM_Worker_Male_8.Lower","Бежевые брюки"
"Customization.Preset.Loadout.SKM_Worker_Male_9.Head","Жёлтая каска"
"Customization.Preset.Loadout.SKM_Worker_Male_9.Face","Нет"
"Customization.Preset.Loadout.SKM_Worker_Male_9.Upper","Красная футболка"
"Customization.Preset.Loadout.SKM_Worker_Male_9.Hands","Жёлтые рабочие перчатки"
"Customization.Preset.Loadout.SKM_Worker_Male_9.Lower","Тёмно-синий комбинезон"
"Customization.Preset.Loadout.SKM_Worker_Male_10.Head","Оранжевая каска"
"Customization.Preset.Loadout.SKM_Worker_Male_10.Face","Белые рабочие очки"
"Customization.Preset.Loadout.SKM_Worker_Male_10.Upper","Белая рубашка"
"Customization.Preset.Loadout.SKM_Worker_Male_10.Hands","Рабочие перчатки"
"Customization.Preset.Loadout.SKM_Worker_Male_10.Lower","Бежевый комбинезон, сумка"
"Customization.Preset.Loadout.SKM_Worker_Male_11.Head","Бежевая кепка"
"Customization.Preset.Loadout.SKM_Worker_Male_11.Face","Защитные очки"
"Customization.Preset.Loadout.SKM_Worker_Male_11.Upper","Бежевая футболка, рабочий полукомбинезон"
"Customization.Preset.Loadout.SKM_Worker_Male_11.Hands","Рабочие перчатки"
"Customization.Preset.Loadout.SKM_Worker_Male_11.Lower","Брюки полукомбинезона, поясная сумка"
"Customization.Preset.Loadout.SKM_Worker_Male_12.Head","Бежевая шапка"
"Customization.Preset.Loadout.SKM_Worker_Male_12.Face","Классические очки"
"Customization.Preset.Loadout.SKM_Worker_Male_12.Upper","Зелёная рубашка"
"Customization.Preset.Loadout.SKM_Worker_Male_12.Hands","Бежевые военные часы"
"Customization.Preset.Loadout.SKM_Worker_Male_12.Lower","Подвёрнутые джинсы, бежевая сумка"
"Customization.Preset.Loadout.SKM_Worker_Male_13.Head","Кепка, оранжевые наушники"
"Customization.Preset.Loadout.SKM_Worker_Male_13.Face","Тёмные очки"
"Customization.Preset.Loadout.SKM_Worker_Male_13.Upper","Чёрная футболка"
"Customization.Preset.Loadout.SKM_Worker_Male_13.Hands","Оранжевые рабочие перчатки"
"Customization.Preset.Loadout.SKM_Worker_Male_13.Lower","Оранжевые брюки"
"Customization.Preset.Loadout.SKM_Worker_Male_14.Head","Жёлтые наушники"
"Customization.Preset.Loadout.SKM_Worker_Male_14.Face","Золотые авиаторы"
"Customization.Preset.Loadout.SKM_Worker_Male_14.Upper","Серая футболка, салатовый жилет"
"Customization.Preset.Loadout.SKM_Worker_Male_14.Hands","Жёлтые рабочие перчатки"
"Customization.Preset.Loadout.SKM_Worker_Male_14.Lower","Синие джинсы"
"Customization.Preset.Loadout.SKM_Worker_Male_15.Head","Кепка, оранжевые наушники"
"Customization.Preset.Loadout.SKM_Worker_Male_15.Face","Нет"
"Customization.Preset.Loadout.SKM_Worker_Male_15.Upper","Оранжевая рабочая куртка"
"Customization.Preset.Loadout.SKM_Worker_Male_15.Hands","Нет"
"Customization.Preset.Loadout.SKM_Worker_Male_15.Lower","Оранжевые брюки"
"Customization.Preset.Loadout.SKM_Worker_Male_16.Head","Фермерская шляпа"
"Customization.Preset.Loadout.SKM_Worker_Male_16.Face","Нет"
"Customization.Preset.Loadout.SKM_Worker_Male_16.Upper","Белая клетчатая рубашка"
"Customization.Preset.Loadout.SKM_Worker_Male_16.Hands","Рабочие перчатки"
"Customization.Preset.Loadout.SKM_Worker_Male_16.Lower","Синий комбинезон"
"Customization.Preset.Loadout.SKM_Worker_Male_17.Head","Ковбойская шляпа"
"Customization.Preset.Loadout.SKM_Worker_Male_17.Face","Золотые авиаторы"
"Customization.Preset.Loadout.SKM_Worker_Male_17.Upper","Красная клетчатая рубашка"
"Customization.Preset.Loadout.SKM_Worker_Male_17.Hands","Коричневые рабочие перчатки"
"Customization.Preset.Loadout.SKM_Worker_Male_17.Lower","Синие джинсы"
"Customization.Preset.Loadout.SKM_Worker_Male_18.Head","Нет"
"Customization.Preset.Loadout.SKM_Worker_Male_18.Face","Золотые авиаторы"
"Customization.Preset.Loadout.SKM_Worker_Male_18.Upper","Бежевая футболка"
"Customization.Preset.Loadout.SKM_Worker_Male_18.Hands","Нет"
"Customization.Preset.Loadout.SKM_Worker_Male_18.Lower","Синий комбинезон"
"Customization.Preset.Loadout.SKM_Worker_Male_19.Head","Синяя плоская кепка"
"Customization.Preset.Loadout.SKM_Worker_Male_19.Face","Нет"
"Customization.Preset.Loadout.SKM_Worker_Male_19.Upper","Бежевая куртка M65"
"Customization.Preset.Loadout.SKM_Worker_Male_19.Hands","Нет"
"Customization.Preset.Loadout.SKM_Worker_Male_19.Lower","Синие джинсы"
"Customization.Preset.Loadout.SKM_Worker_Male_20.Head","Серая плоская кепка"
"Customization.Preset.Loadout.SKM_Worker_Male_20.Face","Нет"
"Customization.Preset.Loadout.SKM_Worker_Male_20.Upper","Красная клетчатая рубашка"
"Customization.Preset.Loadout.SKM_Worker_Male_20.Hands","Нет"
"Customization.Preset.Loadout.SKM_Worker_Male_20.Lower","Тёмно-синий комбинезон"
"Customization.Preset.Loadout.SKM_Worker_Male_21.Head","Чёрная кепка"
"Customization.Preset.Loadout.SKM_Worker_Male_21.Face","Рабочие очки, респиратор"
"Customization.Preset.Loadout.SKM_Worker_Male_21.Upper","Белая футболка"
"Customization.Preset.Loadout.SKM_Worker_Male_21.Hands","Серые рабочие перчатки"
"Customization.Preset.Loadout.SKM_Worker_Male_21.Lower","Серые брюки"
"Customization.Preset.Loadout.SKM_Worker_Male_22.Head","Нет"
"Customization.Preset.Loadout.SKM_Worker_Male_22.Face","Нет"
"Customization.Preset.Loadout.SKM_Worker_Male_22.Upper","Красная футболка"
"Customization.Preset.Loadout.SKM_Worker_Male_22.Hands","Нет"
"Customization.Preset.Loadout.SKM_Worker_Male_22.Lower","Синие брюки"
"Customization.Preset.Loadout.SKM_Worker_Male_23.Head","Бежевая шапка"
"Customization.Preset.Loadout.SKM_Worker_Male_23.Face","Нет"
"Customization.Preset.Loadout.SKM_Worker_Male_23.Upper","Синяя футболка"
"Customization.Preset.Loadout.SKM_Worker_Male_23.Hands","Рабочие перчатки"
"Customization.Preset.Loadout.SKM_Worker_Male_23.Lower","Бежевые брюки"
"Customization.Preset.Loadout.SKM_Worker_Male_24.Head","Красная кепка"
"Customization.Preset.Loadout.SKM_Worker_Male_24.Face","Нет"
"Customization.Preset.Loadout.SKM_Worker_Male_24.Upper","Красная футболка"
"Customization.Preset.Loadout.SKM_Worker_Male_24.Hands","Чёрные военные часы"
"Customization.Preset.Loadout.SKM_Worker_Male_24.Lower","Серые брюки"
"Customization.Preset.Loadout.SKM_Worker_Male_25.Head","Цветная кепка"
"Customization.Preset.Loadout.SKM_Worker_Male_25.Face","Нет"
"Customization.Preset.Loadout.SKM_Worker_Male_25.Upper","Белая клетчатая рубашка"
"Customization.Preset.Loadout.SKM_Worker_Male_25.Hands","Нет"
"Customization.Preset.Loadout.SKM_Worker_Male_25.Lower","Бежевые брюки"
"MainMenu.Title","AVARIIKA"
"MainMenu.Subtitle","АВАРИЙНАЯ БРИГАДА // ГЛАВНЫЙ ТЕРМИНАЛ"
"MainMenu.InputHint","↑↓ / W S / D-PAD — НАВИГАЦИЯ    ENTER / A — ВЫБОР    ESC / B — НАЗАД    v0.1"
"MainMenu.Continue","ПРОДОЛЖИТЬ"
"MainMenu.NewGame","НОВАЯ ИГРА"
"MainMenu.Multiplayer","СЕТЕВАЯ ИГРА"
"MainMenu.Settings","НАСТРОЙКИ"
"MainMenu.Credits","АВТОРЫ"
"MainMenu.Exit","ВЫХОД"
"MainMenu.ComingSoon","СКОРО"
"MainMenu.Common.Yes","ДА"
"MainMenu.Common.No","НЕТ"
"MainMenu.Common.Cancel","ОТМЕНА"
"MainMenu.Common.Back","НАЗАД"
"MainMenu.Common.On","ВКЛ"
"MainMenu.Common.Off","ВЫКЛ"
"MainMenu.Settings.Title","НАСТРОЙКИ"
"MainMenu.Settings.Resolution","РАЗРЕШЕНИЕ"
"MainMenu.Settings.WindowMode","РЕЖИМ ОКНА"
"MainMenu.Settings.VSync","ВЕРТИКАЛЬНАЯ СИНХРОНИЗАЦИЯ"
"MainMenu.Settings.OverallQuality","КАЧЕСТВО ГРАФИКИ"
"MainMenu.Settings.Master","ОБЩАЯ ГРОМКОСТЬ"
"MainMenu.Settings.SFX","ЭФФЕКТЫ"
"MainMenu.Settings.Music","МУЗЫКА"
"MainMenu.Settings.Voice","ГОЛОС"
"MainMenu.Settings.Language","ЯЗЫК"
"MainMenu.Settings.Language.Description","Переключает язык интерфейса сразу. Выбор сохраняется для следующего запуска."
"MainMenu.Settings.Controls","УПРАВЛЕНИЕ"
"MainMenu.Settings.ControlsPlaceholder","БУДЕТ ПОДКЛЮЧЕНО ПОЗЖЕ"
"MainMenu.Settings.Apply","ПРИМЕНИТЬ"
"MainMenu.Settings.Revert","СБРОСИТЬ"
"MainMenu.Settings.Discard","ОТБРОСИТЬ"
"MainMenu.Settings.AudioRoutingDeferred","Каналы ЭФФЕКТЫ / МУЗЫКА / ГОЛОС будут включены после принятия project-owned audio routing."
"MainMenu.Settings.WindowMode.Fullscreen","ПОЛНЫЙ ЭКРАН"
"MainMenu.Settings.WindowMode.Windowed","ОКНО"
"MainMenu.Settings.WindowMode.Borderless","БЕЗ РАМОК"
"MainMenu.Settings.Quality.Low","НИЗКОЕ"
"MainMenu.Settings.Quality.Medium","СРЕДНЕЕ"
"MainMenu.Settings.Quality.High","ВЫСОКОЕ"
"MainMenu.Settings.Quality.Epic","ЭПИЧЕСКОЕ"
"MainMenu.Settings.Quality.Custom","ПОЛЬЗОВАТЕЛЬСКОЕ"
"MainMenu.Settings.Quality.Cinematic","КИНЕМАТОГРАФИЧЕСКОЕ"
"MainMenu.Settings.Aspect.Any","ЛЮБОЕ"
"MainMenu.Settings.Aspect.16x9","16:9"
"MainMenu.Settings.Aspect.16x10","16:10"
"MainMenu.Settings.Aspect.21x9","21:9"
"MainMenu.Settings.Aspect.4x3","4:3"
"MainMenu.Settings.Color.Normal","БЕЗ КОРРЕКЦИИ"
"MainMenu.Settings.Color.Deuteranope","ДЕЙТЕРАНОПИЯ"
"MainMenu.Settings.Color.Protanope","ПРОТАНОПИЯ"
"MainMenu.Settings.Color.Tritanope","ТРИТАНОПИЯ"
"MainMenu.Settings.Renderer.Disabled","ВЫКЛ"
"MainMenu.Settings.Renderer.Lumen","LUMEN"
"MainMenu.Settings.Renderer.ScreenSpace","ЭКРАННОЕ ПРОСТРАНСТВО"
"MainMenu.Settings.AA.None","БЕЗ СГЛАЖИВАНИЯ"
"MainMenu.Settings.AA.FXAA","FXAA"
"MainMenu.Settings.AA.TAA","TAA"
"MainMenu.Settings.AA.TSR","TSR"
"MainMenu.Settings.Language.Russian","РУССКИЙ"
"MainMenu.Settings.Language.English","ENGLISH"
"MainMenu.Credits.Title","АВТОРЫ"
"MainMenu.Credits.Placeholder","PROJECT AVARIIKA — состав команды и финальные титры будут добавлены отдельным этапом."
"MainMenu.Confirm.NewGame.Title","НОВАЯ ИГРА"
"MainMenu.Confirm.NewGame.Body","Найдено сохранение компании. Продолжить к будущему потоку создания компании и персонажа? Текущие данные не будут удалены."
"MainMenu.Confirm.Exit.Title","ВЫХОД ИЗ ИГРЫ"
"MainMenu.Confirm.Exit.Body","Завершить работу AVARIIKA?"
"MainMenu.Confirm.Display.Title","СОХРАНИТЬ ПАРАМЕТРЫ ЭКРАНА?"
"MainMenu.Confirm.Display.Body","Подтвердите разрешение и режим окна. НЕТ или ESC безопасно вернут предыдущие параметры."
"MainMenu.Confirm.Display.Keep","СОХРАНИТЬ"
"MainMenu.Confirm.Display.Revert","ВЕРНУТЬ"
"MainMenu.Confirm.Reset.Title","СБРОСИТЬ НАСТРОЙКИ?"
"MainMenu.Confirm.Reset.Body","Вернуть настройки AVARIIKA к безопасным значениям по умолчанию? Игровое сохранение не изменится."
"MainMenu.Confirm.Unsaved.Title","ЕСТЬ НЕПРИМЕНЁННЫЕ ИЗМЕНЕНИЯ"
"MainMenu.Confirm.Unsaved.Body","Применить изменения перед выходом? ОТБРОСИТЬ вернёт последние сохранённые значения, ESC отменит выход."
"MainMenu.Info.Title","МАРШРУТ ПОДГОТОВЛЕН"
"MainMenu.Info.FutureRoute","Этот переход подключается отдельной задачей. Сохранения и карты demo не изменены."
"MainMenu.MSP.Tab.Gameplay","ИГРОВОЙ ПРОЦЕСС"
"MainMenu.MSP.Tab.Audio","АУДИО"
"MainMenu.MSP.Tab.Video","ВИДЕО"
"MainMenu.MSP.Tab.Controls","УПРАВЛЕНИЕ"
"MainMenu.MSP.Tab.Display","ЭКРАН"
"MainMenu.MSP.Tab.Graphics","ГРАФИКА"
"MainMenu.MSP.Tab.General","ОСНОВНЫЕ"
"MainMenu.MSP.Tab.VoiceChat","ГОЛОСОВОЙ ЧАТ"
"MainMenu.MSP.Category.Display","ЭКРАН"
"MainMenu.MSP.Category.Performance","ПРОИЗВОДИТЕЛЬНОСТЬ"
"MainMenu.MSP.Category.Colors","ЦВЕТА"
"MainMenu.MSP.Category.Quality","КАЧЕСТВО"
"MainMenu.MSP.Category.Advanced","РАСШИРЕННЫЕ"
"MainMenu.MSP.Category.Resolution","РАЗРЕШЕНИЕ"
"MainMenu.MSP.Common.Apply","ПРИМЕНИТЬ"
"MainMenu.MSP.Common.ResetSettings","СБРОСИТЬ НАСТРОЙКИ"
"MainMenu.MSP.Value.Unlocked","БЕЗ ОГРАНИЧЕНИЯ"
"MainMenu.MSP.Value.Default","ПО УМОЛЧАНИЮ"
"MainMenu.MSP.Value.VeryLow","ОЧЕНЬ НИЗКОЕ"
"MainMenu.MSP.Value.Far","ДАЛЕКО"
"MainMenu.MSP.Value.ScreenSpace","ЭКРАННОЕ ПРОСТРАНСТВО"
"MainMenu.MSP.Video.WindowMode","РЕЖИМ ОКНА"
"MainMenu.MSP.Video.WindowMode.Description","Выбирает полноэкранный, оконный или безрамочный режим. По умолчанию: ПОЛНЫЙ ЭКРАН."
"MainMenu.MSP.Video.AspectRatio","СООТНОШЕНИЕ СТОРОН"
"MainMenu.MSP.Video.AspectRatio.Description","Задаёт соотношение сторон изображения. По умолчанию: АВТОМАТИЧЕСКИ ПО ДИСПЛЕЮ."
"MainMenu.MSP.Video.Resolution","РАЗРЕШЕНИЕ ЭКРАНА"
"MainMenu.MSP.Video.Resolution.Description","Задаёт разрешение вывода для выбранного режима окна. По умолчанию: СИСТЕМНОЕ."
"MainMenu.MSP.Video.Brightness","ЯРКОСТЬ"
"MainMenu.MSP.Video.Brightness.Description","Регулирует яркость игрового изображения. По умолчанию: 100 %."
"MainMenu.MSP.Video.FPSLock","ОГРАНИЧЕНИЕ FPS"
"MainMenu.MSP.Video.FPSLock.Description","Ограничивает максимальную частоту кадров. По умолчанию: БЕЗ ОГРАНИЧЕНИЯ."
"MainMenu.MSP.Video.VSync","ВЕРТИКАЛЬНАЯ СИНХРОНИЗАЦИЯ"
"MainMenu.MSP.Video.VSync.Description","Синхронизирует кадры с частотой дисплея и уменьшает разрывы изображения. По умолчанию: ВЫКЛ."
"MainMenu.MSP.Video.ColorDeficiencyType","ТИП ЦВЕТОВОЙ КОРРЕКЦИИ"
"MainMenu.MSP.Video.ColorDeficiencyType.Description","Выбирает режим коррекции цветов для особенностей цветовосприятия. По умолчанию: ВЫКЛ."
"MainMenu.MSP.Video.ColorDeficiencyStrength","СИЛА ЦВЕТОВОЙ КОРРЕКЦИИ"
"MainMenu.MSP.Video.ColorDeficiencyStrength.Description","Регулирует интенсивность выбранной цветовой коррекции. По умолчанию: 0."
"MainMenu.MSP.Graphics.QualityPreset","ПРЕСЕТ КАЧЕСТВА"
"MainMenu.MSP.Graphics.QualityPreset.Description","Применяет общий набор параметров качества. По умолчанию: ВЫСОКОЕ."
"MainMenu.MSP.Graphics.GlobalIllumination","ГЛОБАЛЬНОЕ ОСВЕЩЕНИЕ"
"MainMenu.MSP.Graphics.GlobalIllumination.Description","Управляет качеством непрямого освещения. По умолчанию: ВЫСОКОЕ."
"MainMenu.MSP.Graphics.Shadows","ТЕНИ"
"MainMenu.MSP.Graphics.Shadows.Description","Управляет качеством и дальностью теней. По умолчанию: ВЫСОКОЕ."
"MainMenu.MSP.Graphics.AntiAliasing","СГЛАЖИВАНИЕ"
"MainMenu.MSP.Graphics.AntiAliasing.Description","Управляет качеством сглаживания краёв. По умолчанию: ВЫСОКОЕ."
"MainMenu.MSP.Graphics.ViewDistance","ДАЛЬНОСТЬ ПРОРИСОВКИ"
"MainMenu.MSP.Graphics.ViewDistance.Description","Управляет дальностью отображения объектов. По умолчанию: ВЫСОКОЕ."
"MainMenu.MSP.Graphics.Textures","ТЕКСТУРЫ"
"MainMenu.MSP.Graphics.Textures.Description","Управляет качеством и детализацией текстур. По умолчанию: ВЫСОКОЕ."
"MainMenu.MSP.Graphics.Effects","ЭФФЕКТЫ"
"MainMenu.MSP.Graphics.Effects.Description","Управляет качеством визуальных эффектов. По умолчанию: ВЫСОКОЕ."
"MainMenu.MSP.Graphics.Reflections","ОТРАЖЕНИЯ"
"MainMenu.MSP.Graphics.Reflections.Description","Управляет качеством отражений. По умолчанию: ВЫСОКОЕ."
"MainMenu.MSP.Graphics.Foliage","РАСТИТЕЛЬНОСТЬ"
"MainMenu.MSP.Graphics.Foliage.Description","Управляет плотностью и дальностью растительности. По умолчанию: ВЫСОКОЕ."
"MainMenu.MSP.Graphics.Shading","ШЕЙДИНГ"
"MainMenu.MSP.Graphics.Shading.Description","Управляет качеством затенения материалов. По умолчанию: ВЫСОКОЕ."
"MainMenu.MSP.Graphics.PostProcessing","ПОСТОБРАБОТКА"
"MainMenu.MSP.Graphics.PostProcessing.Description","Управляет качеством эффектов постобработки. По умолчанию: ВЫСОКОЕ."
"MainMenu.MSP.Graphics.GlobalIlluminationMethod","МЕТОД ГЛОБАЛЬНОГО ОСВЕЩЕНИЯ"
"MainMenu.MSP.Graphics.GlobalIlluminationMethod.Description","Выбирает доступный метод глобального освещения, включая Lumen. По умолчанию: LUMEN."
"MainMenu.MSP.Graphics.ReflectionMethod","МЕТОД ОТРАЖЕНИЙ"
"MainMenu.MSP.Graphics.ReflectionMethod.Description","Выбирает доступный метод отражений. По умолчанию: LUMEN."
"MainMenu.MSP.Graphics.MotionBlur","РАЗМЫТИЕ В ДВИЖЕНИИ"
"MainMenu.MSP.Graphics.MotionBlur.Description","Включает размытие изображения при движении камеры. По умолчанию: ВЫКЛ."
"MainMenu.MSP.Graphics.LensFlares","БЛИКИ ОБЪЕКТИВА"
"MainMenu.MSP.Graphics.LensFlares.Description","Включает блики от ярких источников света. По умолчанию: ВКЛ."
"MainMenu.MSP.Graphics.Bloom","СВЕЧЕНИЕ"
"MainMenu.MSP.Graphics.Bloom.Description","Включает свечение ярких областей изображения. По умолчанию: ВКЛ."
"MainMenu.MSP.Graphics.AmbientOcclusion","КОНТАКТНЫЕ ТЕНИ"
"MainMenu.MSP.Graphics.AmbientOcclusion.Description","Усиливает затенение в местах контакта поверхностей. По умолчанию: ВКЛ."
"MainMenu.MSP.Graphics.ResolutionScale","МАСШТАБ РАЗРЕШЕНИЯ"
"MainMenu.MSP.Graphics.ResolutionScale.Description","Изменяет внутреннее разрешение рендера. По умолчанию: 100 %."
"MainMenu.MSP.Graphics.UpscaleQuality","КАЧЕСТВО МАСШТАБИРОВАНИЯ"
"MainMenu.MSP.Graphics.UpscaleQuality.Description","Управляет качеством встроенного масштабирования изображения. По умолчанию: КАЧЕСТВО."
"MainMenu.MSP.Graphics.AntiAliasingMethod","МЕТОД СГЛАЖИВАНИЯ"
"MainMenu.MSP.Graphics.AntiAliasingMethod.Description","Выбирает поддерживаемый метод сглаживания. По умолчанию: TSR."
"MainMenu.MSP.Graphics.TemporalUpsampling","ВРЕМЕННОЕ МАСШТАБИРОВАНИЕ"
"MainMenu.MSP.Graphics.TemporalUpsampling.Description","Использует временные данные кадров при масштабировании. По умолчанию: ВКЛ."
"MainMenu.MSP.Audio.Master","ОБЩАЯ ГРОМКОСТЬ"
"MainMenu.MSP.Audio.Master.Description","Управляет общей громкостью игры. По умолчанию: 100 %."
"MainMenu.MSP.Audio.SFX","ЗВУКОВЫЕ ЭФФЕКТЫ"
"MainMenu.MSP.Audio.SFX.Description","Регулирует громкость звуков интерфейса, окружения и игровых эффектов. По умолчанию: 100 %."
"MainMenu.MSP.Audio.Music","МУЗЫКА"
"MainMenu.MSP.Audio.Music.Description","Регулирует громкость фоновой и игровой музыки. По умолчанию: 100 %."
"MainMenu.MSP.Audio.Voice","ГОЛОС"
"MainMenu.MSP.Audio.Voice.Description","Регулирует громкость диалогов, радиосвязи и голосовых сообщений. По умолчанию: 100 %."
"MainMenu.MSP.Audio.OutputDevice","УСТРОЙСТВО ВЫВОДА"
"MainMenu.MSP.Audio.OutputDevice.Description","Используется системное устройство вывода звука."
"MainMenu.MSP.Audio.SystemDefault","СИСТЕМНОЕ ПО УМОЛЧАНИЮ"
"MainMenu.MSP.Audio.OutputDevice.DisabledDescription","Выбор устройства отключён до подключения проверенного project-owned backend. Используется системное устройство по умолчанию."
